step,train_loss,val_loss
0,10.960948944091797,10.770791053771973
200,5.734940528869629,5.82058048248291
400,4.895956516265869,5.327782154083252
600,4.52794075012207,5.082756996154785
800,4.07649040222168,5.040738582611084
1000,4.479294776916504,4.901130199432373
1200,4.186604022979736,4.985105991363525
1400,3.9218454360961914,4.862706184387207
1600,4.168619155883789,4.94466495513916
1800,4.053325653076172,4.9742817878723145
2000,3.7093424797058105,4.859682559967041
2200,3.7983057498931885,4.836385250091553
2400,3.8879668712615967,5.010898590087891
2600,3.8265678882598877,5.023722171783447
2800,3.6357362270355225,5.065302848815918
2999,3.6328296661376953,5.089102268218994
